{"cameraMode":{"drawMode":0,"name":"Shaded","section":"Shading Mode"},"sceneLighting":true,"audioPlay":false,"sceneViewState":{"showFog":true,"showMaterialUpdate":false,"showSkybox":true,"showFlares":true,"showImageEffects":true,"showParticleSystems":true},"in2DMode":false,"pivot":{"x":7.11844539642334,"y":-0.5819051265716553,"z":4.630008220672607},"rotation":{"x":-0.2838234305381775,"y":0.37398678064346316,"z":-0.12137152999639511,"w":-0.8745554089546204},"size":4.505669593811035,"orthographic":false}