{"cameraMode":{"drawMode":0,"name":"Shaded","section":"Shading Mode"},"sceneLighting":false,"audioPlay":false,"sceneViewState":{"showFog":true,"showMaterialUpdate":false,"showSkybox":false,"showFlares":true,"showImageEffects":true,"showParticleSystems":true},"in2DMode":false,"pivot":{"x":155.3574676513672,"y":2104.51513671875,"z":139.20660400390626},"rotation":{"x":-0.1923803836107254,"y":0.3302273750305176,"z":-0.06894012540578842,"w":-0.9215134382247925},"size":1299.0496826171875,"orthographic":false}