{"cameraMode":{"drawMode":0,"name":"Shaded","section":"Shading Mode"},"sceneLighting":false,"audioPlay":false,"sceneViewState":{"showFog":true,"showMaterialUpdate":false,"showSkybox":false,"showFlares":true,"showImageEffects":true,"showParticleSystems":true},"in2DMode":false,"pivot":{"x":-0.12286671996116638,"y":-0.00345650315284729,"z":-0.7184072732925415},"rotation":{"x":0.004649495240300894,"y":-0.9947241544723511,"z":0.05258161202073097,"w":0.08796295523643494},"size":1.7676653861999512,"orthographic":false}