{"cameraMode":{"drawMode":0,"name":"Shaded","section":"Shading Mode"},"sceneLighting":false,"audioPlay":false,"sceneViewState":{"showFog":true,"showMaterialUpdate":false,"showSkybox":false,"showFlares":true,"showImageEffects":true,"showParticleSystems":true},"in2DMode":false,"pivot":{"x":-0.05835873261094093,"y":0.5489477515220642,"z":0.14135628938674928},"rotation":{"x":-0.00096709537319839,"y":-0.9561226963996887,"z":0.2929479777812958,"w":-0.0031558815389871599},"size":1.1697938442230225,"orthographic":false}